{
  "time_total": 0.005794,
  "time_namelookup": 0.000028,
  "time_connect": 0.001405,
  "time_appconnect": 0.000000,
  "time_pretransfer": 0.001447,
  "time_redirect": 0.000000,
  "time_starttransfer": 0.005736
}