{
  "time_total": 0.036993,
  "time_namelookup": 0.000022,
  "time_connect": 0.000395,
  "time_appconnect": 0.000000,
  "time_pretransfer": 0.000429,
  "time_redirect": 0.000000,
  "time_starttransfer": 0.036928
}