{
  "time_total": 0.006047,
  "time_namelookup": 0.000024,
  "time_connect": 0.001964,
  "time_appconnect": 0.000000,
  "time_pretransfer": 0.002087,
  "time_redirect": 0.000000,
  "time_starttransfer": 0.005996
}