{
  "time_total": 0.038815,
  "time_namelookup": 0.000026,
  "time_connect": 0.000407,
  "time_appconnect": 0.000000,
  "time_pretransfer": 0.000471,
  "time_redirect": 0.000000,
  "time_starttransfer": 0.038799
}