{
  "time_total": 0.040289,
  "time_namelookup": 0.000023,
  "time_connect": 0.000450,
  "time_appconnect": 0.000000,
  "time_pretransfer": 0.000517,
  "time_redirect": 0.000000,
  "time_starttransfer": 0.040272
}