{
  "time_total": 0.005179,
  "time_namelookup": 0.000022,
  "time_connect": 0.002002,
  "time_appconnect": 0.000000,
  "time_pretransfer": 0.002069,
  "time_redirect": 0.000000,
  "time_starttransfer": 0.005128
}